Country,University,City/Region,Course Archetype,Notes,Curriculum Depth (DS/ML/Stats/SQL) (0-10),Source: Curriculum Depth (DS/ML/Stats/SQL),Engineering Foundations (0-10),Source: Engineering Foundations,Data Engineering Exposure (0-10),Source: Data Engineering Exposure,Analytics/Business Orientation (0-10),Source: Analytics/Business Orientation,Cohort Size & Continuity (0-10),Source: Cohort Size & Continuity,Capstone/Projects Intensity (0-10),Source: Capstone/Projects Intensity,Tools & Stack Familiarity (0-10),Source: Tools & Stack Familiarity,Clubs & Competitions (0-10),Source: Clubs & Competitions,Internship Alignment (0-10),Source: Internship Alignment,D&I Pipeline Contribution (0-10),Source: D&I Pipeline Contribution,Regional Coverage Fit (0-10),Source: Regional Coverage Fit
Brazil,ITA – Instituto Tecnológico de Aeronáutica,São José dos Campos,Computer Engineering (BEng),Auto-generated global baseline; edit scores/sources when you verify.,8,,9,,9,,5,,8,,7,,9,,6,,6,,6,,6,
Brazil,ITA – Instituto Tecnológico de Aeronáutica,São José dos Campos,Computer Science (BSc),Auto-generated global baseline; edit scores/sources when you verify.,9,,9,,8,,7,,8,,8,,8,,7,,7,,6,,6,
Brazil,Insper – CS/DS,São Paulo,Computer Engineering (BEng),Auto-generated global baseline; edit scores/sources when you verify.,8,,9,,9,,5,,8,,7,,9,,6,,6,,6,,6,
Brazil,Insper – CS/DS,São Paulo,Computer Science (BSc),Auto-generated global baseline; edit scores/sources when you verify.,9,,9,,8,,7,,8,,8,,8,,7,,7,,6,,6,
Brazil,Insper – CS/DS,São Paulo,Statistics (BSc),Auto-generated global baseline; edit scores/sources when you verify.,9,,6,,5,,9,,7,,7,,6,,6,,7,,7,,6,
Brazil,Mackenzie – CC,São Paulo,Computer Engineering (BEng),Auto-generated global baseline; edit scores/sources when you verify.,8,,9,,9,,5,,8,,7,,9,,6,,6,,6,,6,
Brazil,Mackenzie – CC,São Paulo,Computer Science (BSc),Auto-generated global baseline; edit scores/sources when you verify.,9,,9,,8,,7,,8,,8,,8,,7,,7,,6,,6,
Brazil,Mackenzie – CC,São Paulo,Statistics (BSc),Auto-generated global baseline; edit scores/sources when you verify.,9,,6,,5,,9,,7,,7,,6,,6,,7,,7,,6,
Brazil,PUC-Rio – DI,Rio de Janeiro,Computer Engineering (BEng),Auto-generated global baseline; edit scores/sources when you verify.,8,,9,,9,,5,,8,,7,,9,,6,,6,,6,,6,
Brazil,PUC-Rio – DI,Rio de Janeiro,Computer Science (BSc),Auto-generated global baseline; edit scores/sources when you verify.,9,,9,,8,,7,,8,,8,,8,,7,,7,,6,,6,
Brazil,PUC-Rio – DI,Rio de Janeiro,Statistics (BSc),Auto-generated global baseline; edit scores/sources when you verify.,9,,6,,5,,9,,7,,7,,6,,6,,7,,7,,6,
Brazil,PUC-SP – TEC,São Paulo,Computer Engineering (BEng),Auto-generated global baseline; edit scores/sources when you verify.,8,,9,,9,,5,,8,,7,,9,,6,,6,,6,,6,
Brazil,PUC-SP – TEC,São Paulo,Computer Science (BSc),Auto-generated global baseline; edit scores/sources when you verify.,9,,9,,8,,7,,8,,8,,8,,7,,7,,6,,6,
Brazil,UECE – MATE/COMP,Fortaleza,Computer Engineering (BEng),Auto-generated global baseline; edit scores/sources when you verify.,8,,9,,9,,5,,8,,7,,9,,6,,6,,6,,6,
Brazil,UECE – MATE/COMP,Fortaleza,Computer Science (BSc),Auto-generated global baseline; edit scores/sources when you verify.,9,,9,,8,,7,,8,,8,,8,,7,,7,,6,,6,
Brazil,UERJ – IME,Rio de Janeiro,Computer Engineering (BEng),Auto-generated global baseline; edit scores/sources when you verify.,8,,9,,9,,5,,8,,7,,9,,6,,6,,6,,6,
Brazil,UERJ – IME,Rio de Janeiro,Computer Science (BSc),Auto-generated global baseline; edit scores/sources when you verify.,9,,9,,8,,7,,8,,8,,8,,7,,7,,6,,6,
Brazil,UERJ – IME,Rio de Janeiro,Statistics (BSc),Auto-generated global baseline; edit scores/sources when you verify.,9,,6,,5,,9,,7,,7,,6,,6,,7,,7,,6,
Brazil,UFABC – CMCC/CECS,Santo André,Computer Engineering (BEng),Auto-generated global baseline; edit scores/sources when you verify.,8,,9,,9,,5,,8,,7,,9,,6,,6,,6,,6,
Brazil,UFABC – CMCC/CECS,Santo André,Computer Science (BSc),Auto-generated global baseline; edit scores/sources when you verify.,9,,9,,8,,7,,8,,8,,8,,7,,7,,6,,6,
Brazil,UFAL – IC/Eng,Maceió,Computer Engineering (BEng),Auto-generated global baseline; edit scores/sources when you verify.,8,,9,,9,,5,,8,,7,,9,,6,,6,,6,,6,
Brazil,UFAL – IC/Eng,Maceió,Computer Science (BSc),Auto-generated global baseline; edit scores/sources when you verify.,9,,9,,8,,7,,8,,8,,8,,7,,7,,6,,6,
Brazil,UFBA – DCC,Salvador,Computer Engineering (BEng),Auto-generated global baseline; edit scores/sources when you verify.,8,,9,,9,,5,,8,,7,,9,,6,,6,,6,,6,
Brazil,UFBA – DCC,Salvador,Computer Science (BSc),Auto-generated global baseline; edit scores/sources when you verify.,9,,9,,8,,7,,8,,8,,8,,7,,7,,6,,6,
Brazil,UFBA – DCC,Salvador,Statistics (BSc),Auto-generated global baseline; edit scores/sources when you verify.,9,,6,,5,,9,,7,,7,,6,,6,,7,,7,,6,
Brazil,UFC – DC/Eng,Fortaleza,Computer Engineering (BEng),Auto-generated global baseline; edit scores/sources when you verify.,8,,9,,9,,5,,8,,7,,9,,6,,6,,6,,6,
Brazil,UFC – DC/Eng,Fortaleza,Computer Science (BSc),Auto-generated global baseline; edit scores/sources when you verify.,9,,9,,8,,7,,8,,8,,8,,7,,7,,6,,6,
Brazil,UFC – DC/Eng,Fortaleza,Statistics (BSc),Auto-generated global baseline; edit scores/sources when you verify.,9,,6,,5,,9,,7,,7,,6,,6,,7,,7,,6,
Brazil,UFCG – CEEI,Campina Grande,Computer Engineering (BEng),Auto-generated global baseline; edit scores/sources when you verify.,8,,9,,9,,5,,8,,7,,9,,6,,6,,6,,6,
Brazil,UFCG – CEEI,Campina Grande,Computer Science (BSc),Auto-generated global baseline; edit scores/sources when you verify.,9,,9,,8,,7,,8,,8,,8,,7,,7,,6,,6,
Brazil,UFES – CCE/Eng,Vitória,Computer Engineering (BEng),Auto-generated global baseline; edit scores/sources when you verify.,8,,9,,9,,5,,8,,7,,9,,6,,6,,6,,6,
Brazil,UFES – CCE/Eng,Vitória,Computer Science (BSc),Auto-generated global baseline; edit scores/sources when you verify.,9,,9,,8,,7,,8,,8,,8,,7,,7,,6,,6,
Brazil,UFES – CCE/Eng,Vitória,Statistics (BSc),Auto-generated global baseline; edit scores/sources when you verify.,9,,6,,5,,9,,7,,7,,6,,6,,7,,7,,6,
Brazil,UFF – TCC/IC,Niterói,Computer Engineering (BEng),Auto-generated global baseline; edit scores/sources when you verify.,8,,9,,9,,5,,8,,7,,9,,6,,6,,6,,6,
Brazil,UFF – TCC/IC,Niterói,Computer Science (BSc),Auto-generated global baseline; edit scores/sources when you verify.,9,,9,,8,,7,,8,,8,,8,,7,,7,,6,,6,
Brazil,UFF – TCC/IC,Niterói,Statistics (BSc),Auto-generated global baseline; edit scores/sources when you verify.,9,,6,,5,,9,,7,,7,,6,,6,,7,,7,,6,
Brazil,UFG – INF/Eng,Goiânia,Computer Engineering (BEng),Auto-generated global baseline; edit scores/sources when you verify.,8,,9,,9,,5,,8,,7,,9,,6,,6,,6,,6,
Brazil,UFG – INF/Eng,Goiânia,Computer Science (BSc),Auto-generated global baseline; edit scores/sources when you verify.,9,,9,,8,,7,,8,,8,,8,,7,,7,,6,,6,
Brazil,UFG – INF/Eng,Goiânia,Statistics (BSc),Auto-generated global baseline; edit scores/sources when you verify.,9,,6,,5,,9,,7,,7,,6,,6,,7,,7,,6,
Brazil,UFMA – CCSo/Eng,São Luís,Computer Engineering (BEng),Auto-generated global baseline; edit scores/sources when you verify.,8,,9,,9,,5,,8,,7,,9,,6,,6,,6,,6,
Brazil,UFMA – CCSo/Eng,São Luís,Computer Science (BSc),Auto-generated global baseline; edit scores/sources when you verify.,9,,9,,8,,7,,8,,8,,8,,7,,7,,6,,6,
Brazil,UFMA – CCSo/Eng,São Luís,Statistics (BSc),Auto-generated global baseline; edit scores/sources when you verify.,9,,6,,5,,9,,7,,7,,6,,6,,7,,7,,6,
Brazil,UFMG – ICEx/Eng,Belo Horizonte,Computer Engineering (BEng),Auto-generated global baseline; edit scores/sources when you verify.,8,,9,,9,,5,,8,,7,,9,,6,,6,,6,,6,
Brazil,UFMG – ICEx/Eng,Belo Horizonte,Computer Science (BSc),Auto-generated global baseline; edit scores/sources when you verify.,9,,9,,8,,7,,8,,8,,8,,7,,7,,6,,6,
Brazil,UFMS – FACOM,Campo Grande,Computer Engineering (BEng),Auto-generated global baseline; edit scores/sources when you verify.,8,,9,,9,,5,,8,,7,,9,,6,,6,,6,,6,
Brazil,UFMS – FACOM,Campo Grande,Computer Science (BSc),Auto-generated global baseline; edit scores/sources when you verify.,9,,9,,8,,7,,8,,8,,8,,7,,7,,6,,6,
Brazil,UFMT – IC/Eng,Cuiabá,Computer Engineering (BEng),Auto-generated global baseline; edit scores/sources when you verify.,8,,9,,9,,5,,8,,7,,9,,6,,6,,6,,6,
Brazil,UFMT – IC/Eng,Cuiabá,Computer Science (BSc),Auto-generated global baseline; edit scores/sources when you verify.,9,,9,,8,,7,,8,,8,,8,,7,,7,,6,,6,
Brazil,UFOP – ICEB,Ouro Preto,Computer Engineering (BEng),Auto-generated global baseline; edit scores/sources when you verify.,8,,9,,9,,5,,8,,7,,9,,6,,6,,6,,6,
Brazil,UFOP – ICEB,Ouro Preto,Computer Science (BSc),Auto-generated global baseline; edit scores/sources when you verify.,9,,9,,8,,7,,8,,8,,8,,7,,7,,6,,6,
Brazil,UFPA – IComp,Belém,Computer Engineering (BEng),Auto-generated global baseline; edit scores/sources when you verify.,8,,9,,9,,5,,8,,7,,9,,6,,6,,6,,6,
Brazil,UFPA – IComp,Belém,Computer Science (BSc),Auto-generated global baseline; edit scores/sources when you verify.,9,,9,,8,,7,,8,,8,,8,,7,,7,,6,,6,
Brazil,UFPB – CCT/CCEN,João Pessoa,Computer Engineering (BEng),Auto-generated global baseline; edit scores/sources when you verify.,8,,9,,9,,5,,8,,7,,9,,6,,6,,6,,6,
Brazil,UFPB – CCT/CCEN,João Pessoa,Computer Science (BSc),Auto-generated global baseline; edit scores/sources when you verify.,9,,9,,8,,7,,8,,8,,8,,7,,7,,6,,6,
Brazil,UFPE – CIn,Recife,Computer Engineering (BEng),Auto-generated global baseline; edit scores/sources when you verify.,8,,9,,9,,5,,8,,7,,9,,6,,6,,6,,6,
Brazil,UFPE – CIn,Recife,Computer Science (BSc),Auto-generated global baseline; edit scores/sources when you verify.,9,,9,,8,,7,,8,,8,,8,,7,,7,,6,,6,
Brazil,UFPE – CIn,Recife,Statistics (BSc),Auto-generated global baseline; edit scores/sources when you verify.,9,,6,,5,,9,,7,,7,,6,,6,,7,,7,,6,
Brazil,UFPR – DInf,Curitiba,Computer Engineering (BEng),Auto-generated global baseline; edit scores/sources when you verify.,8,,9,,9,,5,,8,,7,,9,,6,,6,,6,,6,
Brazil,UFPR – DInf,Curitiba,Computer Science (BSc),Auto-generated global baseline; edit scores/sources when you verify.,9,,9,,8,,7,,8,,8,,8,,7,,7,,6,,6,
Brazil,UFRGS – INF/Eng,Porto Alegre,Computer Engineering (BEng),Auto-generated global baseline; edit scores/sources when you verify.,8,,9,,9,,5,,8,,7,,9,,6,,6,,6,,6,
Brazil,UFRGS – INF/Eng,Porto Alegre,Computer Science (BSc),Auto-generated global baseline; edit scores/sources when you verify.,9,,9,,8,,7,,8,,8,,8,,7,,7,,6,,6,
Brazil,UFRJ – IM/Eng,Rio de Janeiro,Computer Engineering (BEng),Auto-generated global baseline; edit scores/sources when you verify.,8,,9,,9,,5,,8,,7,,9,,6,,6,,6,,6,
Brazil,UFRJ – IM/Eng,Rio de Janeiro,Computer Science (BSc),Auto-generated global baseline; edit scores/sources when you verify.,9,,9,,8,,7,,8,,8,,8,,7,,7,,6,,6,
Brazil,UFRJ – IM/Eng,Rio de Janeiro,Statistics (BSc),Auto-generated global baseline; edit scores/sources when you verify.,9,,6,,5,,9,,7,,7,,6,,6,,7,,7,,6,
Brazil,UFRN – DIMAp/Eng,Natal,Computer Engineering (BEng),Auto-generated global baseline; edit scores/sources when you verify.,8,,9,,9,,5,,8,,7,,9,,6,,6,,6,,6,
Brazil,UFRN – DIMAp/Eng,Natal,Computer Science (BSc),Auto-generated global baseline; edit scores/sources when you verify.,9,,9,,8,,7,,8,,8,,8,,7,,7,,6,,6,
Brazil,UFRPE – UACSA,Recife,Computer Engineering (BEng),Auto-generated global baseline; edit scores/sources when you verify.,8,,9,,9,,5,,8,,7,,9,,6,,6,,6,,6,
Brazil,UFRPE – UACSA,Recife,Computer Science (BSc),Auto-generated global baseline; edit scores/sources when you verify.,9,,9,,8,,7,,8,,8,,8,,7,,7,,6,,6,
Brazil,UFS – DCOMP,Aracaju,Computer Engineering (BEng),Auto-generated global baseline; edit scores/sources when you verify.,8,,9,,9,,5,,8,,7,,9,,6,,6,,6,,6,
Brazil,UFS – DCOMP,Aracaju,Computer Science (BSc),Auto-generated global baseline; edit scores/sources when you verify.,9,,9,,8,,7,,8,,8,,8,,7,,7,,6,,6,
Brazil,UFSC – CTC/INE,Florianópolis,Computer Engineering (BEng),Auto-generated global baseline; edit scores/sources when you verify.,8,,9,,9,,5,,8,,7,,9,,6,,6,,6,,6,
Brazil,UFSC – CTC/INE,Florianópolis,Computer Science (BSc),Auto-generated global baseline; edit scores/sources when you verify.,9,,9,,8,,7,,8,,8,,8,,7,,7,,6,,6,
Brazil,UFSCar – DC/UFSCar,São Carlos,Computer Engineering (BEng),Auto-generated global baseline; edit scores/sources when you verify.,8,,9,,9,,5,,8,,7,,9,,6,,6,,6,,6,
Brazil,UFSCar – DC/UFSCar,São Carlos,Computer Science (BSc),Auto-generated global baseline; edit scores/sources when you verify.,9,,9,,8,,7,,8,,8,,8,,7,,7,,6,,6,
Brazil,UFSM – CT/CCNE,Santa Maria,Computer Engineering (BEng),Auto-generated global baseline; edit scores/sources when you verify.,8,,9,,9,,5,,8,,7,,9,,6,,6,,6,,6,
Brazil,UFSM – CT/CCNE,Santa Maria,Computer Science (BSc),Auto-generated global baseline; edit scores/sources when you verify.,9,,9,,8,,7,,8,,8,,8,,7,,7,,6,,6,
Brazil,UFSM – CT/CCNE,Santa Maria,Statistics (BSc),Auto-generated global baseline; edit scores/sources when you verify.,9,,6,,5,,9,,7,,7,,6,,6,,7,,7,,6,
Brazil,UFU – FACOM,Uberlândia,Computer Engineering (BEng),Auto-generated global baseline; edit scores/sources when you verify.,8,,9,,9,,5,,8,,7,,9,,6,,6,,6,,6,
Brazil,UFU – FACOM,Uberlândia,Computer Science (BSc),Auto-generated global baseline; edit scores/sources when you verify.,9,,9,,8,,7,,8,,8,,8,,7,,7,,6,,6,
Brazil,UFU – FACOM,Uberlândia,Statistics (BSc),Auto-generated global baseline; edit scores/sources when you verify.,9,,6,,5,,9,,7,,7,,6,,6,,7,,7,,6,
Brazil,UNESP – FEIS/IBILCE,Bauru/SJRP,Computer Engineering (BEng),Auto-generated global baseline; edit scores/sources when you verify.,8,,9,,9,,5,,8,,7,,9,,6,,6,,6,,6,
Brazil,UNESP – FEIS/IBILCE,Bauru/SJRP,Computer Science (BSc),Auto-generated global baseline; edit scores/sources when you verify.,9,,9,,8,,7,,8,,8,,8,,7,,7,,6,,6,
Brazil,UNICAMP – IC/IMECC/FEEC,Campinas,Computer Engineering (BEng),Auto-generated global baseline; edit scores/sources when you verify.,8,,9,,9,,5,,8,,7,,9,,6,,6,,6,,6,
Brazil,UNICAMP – IC/IMECC/FEEC,Campinas,Computer Science (BSc),Auto-generated global baseline; edit scores/sources when you verify.,9,,9,,8,,7,,8,,8,,8,,7,,7,,6,,6,
Brazil,USP – IME/Poli,São Paulo,Computer Engineering (BEng),Auto-generated global baseline; edit scores/sources when you verify.,8,,9,,9,,5,,8,,7,,9,,6,,6,,6,,6,
Brazil,USP – IME/Poli,São Paulo,Computer Science (BSc),Auto-generated global baseline; edit scores/sources when you verify.,9,,9,,8,,7,,8,,8,,8,,7,,7,,6,,6,
Brazil,USP – IME/Poli,São Paulo,Statistics (BSc),Auto-generated global baseline; edit scores/sources when you verify.,9,,6,,5,,9,,7,,7,,6,,6,,7,,7,,6,
Brazil,UnB – CIC/Eng,Brasília,Computer Engineering (BEng),Auto-generated global baseline; edit scores/sources when you verify.,8,,9,,9,,5,,8,,7,,9,,6,,6,,6,,6,
Brazil,UnB – CIC/Eng,Brasília,Computer Science (BSc),Auto-generated global baseline; edit scores/sources when you verify.,9,,9,,8,,7,,8,,8,,8,,7,,7,,6,,6,
Mexico,BUAP – Facultad de Ciencias,Puebla,Computer Engineering (BEng),Auto-generated global baseline; edit scores/sources when you verify.,8,,9,,9,,5,,8,,7,,9,,6,,6,,6,,6,
Mexico,BUAP – Facultad de Ciencias,Puebla,Computer Science (BSc),Auto-generated global baseline; edit scores/sources when you verify.,9,,9,,8,,7,,8,,8,,8,,7,,7,,6,,6,
Mexico,CINVESTAV – Computación,CDMX,Computer Engineering (BEng),Auto-generated global baseline; edit scores/sources when you verify.,8,,9,,9,,5,,8,,7,,9,,6,,6,,6,,6,
Mexico,CINVESTAV – Computación,CDMX,Computer Science (BSc),Auto-generated global baseline; edit scores/sources when you verify.,9,,9,,8,,7,,8,,8,,8,,7,,7,,6,,6,
Mexico,IBERO – Universidad Iberoamericana,CDMX,Computer Engineering (BEng),Auto-generated global baseline; edit scores/sources when you verify.,8,,9,,9,,5,,8,,7,,9,,6,,6,,6,,6,
Mexico,IBERO – Universidad Iberoamericana,CDMX,Computer Science (BSc),Auto-generated global baseline; edit scores/sources when you verify.,9,,9,,8,,7,,8,,8,,8,,7,,7,,6,,6,
Mexico,IPN – ESCOM/ESFM,Ciudad de México,Computer Engineering (BEng),Auto-generated global baseline; edit scores/sources when you verify.,8,,9,,9,,5,,8,,7,,9,,6,,6,,6,,6,
Mexico,IPN – ESCOM/ESFM,Ciudad de México,Computer Science (BSc),Auto-generated global baseline; edit scores/sources when you verify.,9,,9,,8,,7,,8,,8,,8,,7,,7,,6,,6,
Mexico,ITAM – Computación,Ciudad de México,Computer Engineering (BEng),Auto-generated global baseline; edit scores/sources when you verify.,8,,9,,9,,5,,8,,7,,9,,6,,6,,6,,6,
Mexico,ITAM – Computación,Ciudad de México,Computer Science (BSc),Auto-generated global baseline; edit scores/sources when you verify.,9,,9,,8,,7,,8,,8,,8,,7,,7,,6,,6,
Mexico,ITESM – Querétaro,Querétaro,Computer Engineering (BEng),Auto-generated global baseline; edit scores/sources when you verify.,8,,9,,9,,5,,8,,7,,9,,6,,6,,6,,6,
Mexico,ITESM – Querétaro,Querétaro,Computer Science (BSc),Auto-generated global baseline; edit scores/sources when you verify.,9,,9,,8,,7,,8,,8,,8,,7,,7,,6,,6,
Mexico,ITESO – Sistemas,Guadalajara,Computer Engineering (BEng),Auto-generated global baseline; edit scores/sources when you verify.,8,,9,,9,,5,,8,,7,,9,,6,,6,,6,,6,
Mexico,ITESO – Sistemas,Guadalajara,Computer Science (BSc),Auto-generated global baseline; edit scores/sources when you verify.,9,,9,,8,,7,,8,,8,,8,,7,,7,,6,,6,
Mexico,La Salle – Ingeniería,Ciudad de México,Computer Engineering (BEng),Auto-generated global baseline; edit scores/sources when you verify.,8,,9,,9,,5,,8,,7,,9,,6,,6,,6,,6,
Mexico,La Salle – Ingeniería,Ciudad de México,Computer Science (BSc),Auto-generated global baseline; edit scores/sources when you verify.,9,,9,,8,,7,,8,,8,,8,,7,,7,,6,,6,
Mexico,Tecnológico Nacional – ITESM (TecNM),Várias cidades,Computer Engineering (BEng),Auto-generated global baseline; edit scores/sources when you verify.,8,,9,,9,,5,,8,,7,,9,,6,,6,,6,,6,
Mexico,Tecnológico Nacional – ITESM (TecNM),Várias cidades,Computer Science (BSc),Auto-generated global baseline; edit scores/sources when you verify.,9,,9,,8,,7,,8,,8,,8,,7,,7,,6,,6,
Mexico,Tecnológico Nacional – ITESM (TecNM),Várias cidades,Data Science (BSc),Auto-generated global baseline; edit scores/sources when you verify.,9,,7,,7,,9,,8,,8,,8,,7,,8,,7,,6,
Mexico,Tecnológico de Monterrey (ITESM),Monterrey/CDMX,Computer Engineering (BEng),Auto-generated global baseline; edit scores/sources when you verify.,8,,9,,9,,5,,8,,7,,9,,6,,6,,6,,6,
Mexico,Tecnológico de Monterrey (ITESM),Monterrey/CDMX,Computer Science (BSc),Auto-generated global baseline; edit scores/sources when you verify.,9,,9,,8,,7,,8,,8,,8,,7,,7,,6,,6,
Mexico,UABC – Facultad de Ingeniería,Mexicali/Tijuana,Computer Engineering (BEng),Auto-generated global baseline; edit scores/sources when you verify.,8,,9,,9,,5,,8,,7,,9,,6,,6,,6,,6,
Mexico,UABC – Facultad de Ingeniería,Mexicali/Tijuana,Computer Science (BSc),Auto-generated global baseline; edit scores/sources when you verify.,9,,9,,8,,7,,8,,8,,8,,7,,7,,6,,6,
Mexico,UADY – Matemáticas/Ingeniería,Mérida,Computer Engineering (BEng),Auto-generated global baseline; edit scores/sources when you verify.,8,,9,,9,,5,,8,,7,,9,,6,,6,,6,,6,
Mexico,UADY – Matemáticas/Ingeniería,Mérida,Computer Science (BSc),Auto-generated global baseline; edit scores/sources when you verify.,9,,9,,8,,7,,8,,8,,8,,7,,7,,6,,6,
Mexico,UAEMex – UAEM,Toluca,Computer Engineering (BEng),Auto-generated global baseline; edit scores/sources when you verify.,8,,9,,9,,5,,8,,7,,9,,6,,6,,6,,6,
Mexico,UAEMex – UAEM,Toluca,Computer Science (BSc),Auto-generated global baseline; edit scores/sources when you verify.,9,,9,,8,,7,,8,,8,,8,,7,,7,,6,,6,
Mexico,UAEMex – UAEM,Toluca,Data Science (BSc),Auto-generated global baseline; edit scores/sources when you verify.,9,,7,,7,,9,,8,,8,,8,,7,,8,,7,,6,
Mexico,UAM – Iztapalapa/Azcapotzalco,Ciudad de México,Computer Engineering (BEng),Auto-generated global baseline; edit scores/sources when you verify.,8,,9,,9,,5,,8,,7,,9,,6,,6,,6,,6,
Mexico,UAM – Iztapalapa/Azcapotzalco,Ciudad de México,Computer Science (BSc),Auto-generated global baseline; edit scores/sources when you verify.,9,,9,,8,,7,,8,,8,,8,,7,,7,,6,,6,
Mexico,UAM – Xochimilco,CDMX,Computer Engineering (BEng),Auto-generated global baseline; edit scores/sources when you verify.,8,,9,,9,,5,,8,,7,,9,,6,,6,,6,,6,
Mexico,UAM – Xochimilco,CDMX,Computer Science (BSc),Auto-generated global baseline; edit scores/sources when you verify.,9,,9,,8,,7,,8,,8,,8,,7,,7,,6,,6,
Mexico,UANL – FIME/FCFM,Monterrey,Computer Engineering (BEng),Auto-generated global baseline; edit scores/sources when you verify.,8,,9,,9,,5,,8,,7,,9,,6,,6,,6,,6,
Mexico,UANL – FIME/FCFM,Monterrey,Computer Science (BSc),Auto-generated global baseline; edit scores/sources when you verify.,9,,9,,8,,7,,8,,8,,8,,7,,7,,6,,6,
Mexico,UASLP – Ingeniería y Ciencias,San Luis Potosí,Computer Engineering (BEng),Auto-generated global baseline; edit scores/sources when you verify.,8,,9,,9,,5,,8,,7,,9,,6,,6,,6,,6,
Mexico,UASLP – Ingeniería y Ciencias,San Luis Potosí,Computer Science (BSc),Auto-generated global baseline; edit scores/sources when you verify.,9,,9,,8,,7,,8,,8,,8,,7,,7,,6,,6,
Mexico,UDEM – Ingeniería,Monterrey,Computer Engineering (BEng),Auto-generated global baseline; edit scores/sources when you verify.,8,,9,,9,,5,,8,,7,,9,,6,,6,,6,,6,
Mexico,UDEM – Ingeniería,Monterrey,Computer Science (BSc),Auto-generated global baseline; edit scores/sources when you verify.,9,,9,,8,,7,,8,,8,,8,,7,,7,,6,,6,
Mexico,UDEM – Ingeniería,Monterrey,Data Science (BSc),Auto-generated global baseline; edit scores/sources when you verify.,9,,7,,7,,9,,8,,8,,8,,7,,8,,7,,6,
Mexico,UDG – CUCEI,Guadalajara,Computer Engineering (BEng),Auto-generated global baseline; edit scores/sources when you verify.,8,,9,,9,,5,,8,,7,,9,,6,,6,,6,,6,
Mexico,UDG – CUCEI,Guadalajara,Computer Science (BSc),Auto-generated global baseline; edit scores/sources when you verify.,9,,9,,8,,7,,8,,8,,8,,7,,7,,6,,6,
Mexico,UDLAP – Ciencias de la Computación,Cholula,Computer Engineering (BEng),Auto-generated global baseline; edit scores/sources when you verify.,8,,9,,9,,5,,8,,7,,9,,6,,6,,6,,6,
Mexico,UDLAP – Ciencias de la Computación,Cholula,Computer Science (BSc),Auto-generated global baseline; edit scores/sources when you verify.,9,,9,,8,,7,,8,,8,,8,,7,,7,,6,,6,
Mexico,UNAM – Ciencias/Ing.,Ciudad de México,Computer Engineering (BEng),Auto-generated global baseline; edit scores/sources when you verify.,8,,9,,9,,5,,8,,7,,9,,6,,6,,6,,6,
Mexico,UNAM – Ciencias/Ing.,Ciudad de México,Computer Science (BSc),Auto-generated global baseline; edit scores/sources when you verify.,9,,9,,8,,7,,8,,8,,8,,7,,7,,6,,6,
Mexico,UNAM – Ciencias/Ing.,Ciudad de México,Data Science (BSc),Auto-generated global baseline; edit scores/sources when you verify.,9,,7,,7,,9,,8,,8,,8,,7,,8,,7,,6,
Mexico,UPAEP – Ingeniería,Puebla,Computer Engineering (BEng),Auto-generated global baseline; edit scores/sources when you verify.,8,,9,,9,,5,,8,,7,,9,,6,,6,,6,,6,
Mexico,UPAEP – Ingeniería,Puebla,Computer Science (BSc),Auto-generated global baseline; edit scores/sources when you verify.,9,,9,,8,,7,,8,,8,,8,,7,,7,,6,,6,
Mexico,UPAEP – Ingeniería,Puebla,Data Science (BSc),Auto-generated global baseline; edit scores/sources when you verify.,9,,7,,7,,9,,8,,8,,8,,7,,8,,7,,6,
Mexico,UV – Universidad Veracruzana,Xalapa,Computer Engineering (BEng),Auto-generated global baseline; edit scores/sources when you verify.,8,,9,,9,,5,,8,,7,,9,,6,,6,,6,,6,
Mexico,UV – Universidad Veracruzana,Xalapa,Computer Science (BSc),Auto-generated global baseline; edit scores/sources when you verify.,9,,9,,8,,7,,8,,8,,8,,7,,7,,6,,6,
Mexico,UV – Universidad Veracruzana,Xalapa,Data Science (BSc),Auto-generated global baseline; edit scores/sources when you verify.,9,,7,,7,,9,,8,,8,,8,,7,,8,,7,,6,
Mexico,UdeG – CUCEA,Guadalajara,Computer Engineering (BEng),Auto-generated global baseline; edit scores/sources when you verify.,8,,9,,9,,5,,8,,7,,9,,6,,6,,6,,6,
Mexico,UdeG – CUCEA,Guadalajara,Computer Science (BSc),Auto-generated global baseline; edit scores/sources when you verify.,9,,9,,8,,7,,8,,8,,8,,7,,7,,6,,6,
Mexico,Universidad Panamericana (UP),CDMX/Guadalajara,Computer Engineering (BEng),Auto-generated global baseline; edit scores/sources when you verify.,8,,9,,9,,5,,8,,7,,9,,6,,6,,6,,6,
Mexico,Universidad Panamericana (UP),CDMX/Guadalajara,Computer Science (BSc),Auto-generated global baseline; edit scores/sources when you verify.,9,,9,,8,,7,,8,,8,,8,,7,,7,,6,,6,
Colombia,EAFIT – Ingeniería,Medellín,Data Science (BSc),Auto-generated global baseline; edit scores/sources when you verify.,9,,7,,7,,9,,8,,8,,8,,7,,8,,7,,6,
Colombia,EAFIT – Ingeniería,Medellín,Industrial Engineering – Data/Analytics (BEng),Auto-generated global baseline; edit scores/sources when you verify.,8,,7,,6,,9,,8,,8,,6,,7,,8,,7,,7,
Colombia,Escuela Colombiana de Ingeniería,Bogotá,Data Science (BSc),Auto-generated global baseline; edit scores/sources when you verify.,9,,7,,7,,9,,8,,8,,8,,7,,8,,7,,6,
Colombia,Escuela Colombiana de Ingeniería,Bogotá,Industrial Engineering – Data/Analytics (BEng),Auto-generated global baseline; edit scores/sources when you verify.,8,,7,,6,,9,,8,,8,,6,,7,,8,,7,,7,
Colombia,Pontificia Universidad Javeriana,Bogotá/Cali,Computer Science (BSc),Auto-generated global baseline; edit scores/sources when you verify.,9,,9,,8,,7,,8,,8,,8,,7,,7,,6,,6,
Colombia,Pontificia Universidad Javeriana,Bogotá/Cali,Data Science (BSc),Auto-generated global baseline; edit scores/sources when you verify.,9,,7,,7,,9,,8,,8,,8,,7,,8,,7,,6,
Colombia,Pontificia Universidad Javeriana,Bogotá/Cali,Industrial Engineering – Data/Analytics (BEng),Auto-generated global baseline; edit scores/sources when you verify.,8,,7,,6,,9,,8,,8,,6,,7,,8,,7,,7,
Colombia,UIS – Industrial de Santander,Bucaramanga,Data Science (BSc),Auto-generated global baseline; edit scores/sources when you verify.,9,,7,,7,,9,,8,,8,,8,,7,,8,,7,,6,
Colombia,UIS – Industrial de Santander,Bucaramanga,Industrial Engineering – Data/Analytics (BEng),Auto-generated global baseline; edit scores/sources when you verify.,8,,7,,6,,9,,8,,8,,6,,7,,8,,7,,7,
Colombia,UNAL – Universidad Nacional de Colombia,Bogotá/Medellín,Data Science (BSc),Auto-generated global baseline; edit scores/sources when you verify.,9,,7,,7,,9,,8,,8,,8,,7,,8,,7,,6,
Colombia,UNAL – Universidad Nacional de Colombia,Bogotá/Medellín,Industrial Engineering – Data/Analytics (BEng),Auto-generated global baseline; edit scores/sources when you verify.,8,,7,,6,,9,,8,,8,,6,,7,,8,,7,,7,
Colombia,UPB – Bolivariana,Medellín,Data Science (BSc),Auto-generated global baseline; edit scores/sources when you verify.,9,,7,,7,,9,,8,,8,,8,,7,,8,,7,,6,
Colombia,UPB – Bolivariana,Medellín,Industrial Engineering – Data/Analytics (BEng),Auto-generated global baseline; edit scores/sources when you verify.,8,,7,,6,,9,,8,,8,,6,,7,,8,,7,,7,
Colombia,UTP – Tecnológica de Pereira,Pereira,Data Science (BSc),Auto-generated global baseline; edit scores/sources when you verify.,9,,7,,7,,9,,8,,8,,8,,7,,8,,7,,6,
Colombia,UTP – Tecnológica de Pereira,Pereira,Industrial Engineering – Data/Analytics (BEng),Auto-generated global baseline; edit scores/sources when you verify.,8,,7,,6,,9,,8,,8,,6,,7,,8,,7,,7,
Colombia,Universidad Autónoma de Bucaramanga,Bucaramanga,Data Science (BSc),Auto-generated global baseline; edit scores/sources when you verify.,9,,7,,7,,9,,8,,8,,8,,7,,8,,7,,6,
Colombia,Universidad Autónoma de Bucaramanga,Bucaramanga,Industrial Engineering – Data/Analytics (BEng),Auto-generated global baseline; edit scores/sources when you verify.,8,,7,,6,,9,,8,,8,,6,,7,,8,,7,,7,
Colombia,Universidad Autónoma de Occidente,Cali,Data Science (BSc),Auto-generated global baseline; edit scores/sources when you verify.,9,,7,,7,,9,,8,,8,,8,,7,,8,,7,,6,
Colombia,Universidad Autónoma de Occidente,Cali,Industrial Engineering – Data/Analytics (BEng),Auto-generated global baseline; edit scores/sources when you verify.,8,,7,,6,,9,,8,,8,,6,,7,,8,,7,,7,
Colombia,Universidad EIA,Envigado,Data Science (BSc),Auto-generated global baseline; edit scores/sources when you verify.,9,,7,,7,,9,,8,,8,,8,,7,,8,,7,,6,
Colombia,Universidad EIA,Envigado,Industrial Engineering – Data/Analytics (BEng),Auto-generated global baseline; edit scores/sources when you verify.,8,,7,,6,,9,,8,,8,,6,,7,,8,,7,,7,
Colombia,Universidad Externado de Colombia,Bogotá,Data Science (BSc),Auto-generated global baseline; edit scores/sources when you verify.,9,,7,,7,,9,,8,,8,,8,,7,,8,,7,,6,
Colombia,Universidad Externado de Colombia,Bogotá,Industrial Engineering – Data/Analytics (BEng),Auto-generated global baseline; edit scores/sources when you verify.,8,,7,,6,,9,,8,,8,,6,,7,,8,,7,,7,
Colombia,Universidad ICESI,Cali,Data Science (BSc),Auto-generated global baseline; edit scores/sources when you verify.,9,,7,,7,,9,,8,,8,,8,,7,,8,,7,,6,
Colombia,Universidad ICESI,Cali,Industrial Engineering – Data/Analytics (BEng),Auto-generated global baseline; edit scores/sources when you verify.,8,,7,,6,,9,,8,,8,,6,,7,,8,,7,,7,
Colombia,Universidad Nacional – Manizales,Manizales,Computer Science (BSc),Auto-generated global baseline; edit scores/sources when you verify.,9,,9,,8,,7,,8,,8,,8,,7,,7,,6,,6,
Colombia,Universidad Nacional – Manizales,Manizales,Data Science (BSc),Auto-generated global baseline; edit scores/sources when you verify.,9,,7,,7,,9,,8,,8,,8,,7,,8,,7,,6,
Colombia,Universidad Nacional – Manizales,Manizales,Industrial Engineering – Data/Analytics (BEng),Auto-generated global baseline; edit scores/sources when you verify.,8,,7,,6,,9,,8,,8,,6,,7,,8,,7,,7,
Colombia,Universidad de Antioquia,Medellín,Data Science (BSc),Auto-generated global baseline; edit scores/sources when you verify.,9,,7,,7,,9,,8,,8,,8,,7,,8,,7,,6,
Colombia,Universidad de Antioquia,Medellín,Industrial Engineering – Data/Analytics (BEng),Auto-generated global baseline; edit scores/sources when you verify.,8,,7,,6,,9,,8,,8,,6,,7,,8,,7,,7,
Colombia,Universidad de Caldas,Manizales,Data Science (BSc),Auto-generated global baseline; edit scores/sources when you verify.,9,,7,,7,,9,,8,,8,,8,,7,,8,,7,,6,
Colombia,Universidad de Caldas,Manizales,Industrial Engineering – Data/Analytics (BEng),Auto-generated global baseline; edit scores/sources when you verify.,8,,7,,6,,9,,8,,8,,6,,7,,8,,7,,7,
Colombia,Universidad de la Sabana,Chía,Data Science (BSc),Auto-generated global baseline; edit scores/sources when you verify.,9,,7,,7,,9,,8,,8,,8,,7,,8,,7,,6,
Colombia,Universidad de la Sabana,Chía,Industrial Engineering – Data/Analytics (BEng),Auto-generated global baseline; edit scores/sources when you verify.,8,,7,,6,,9,,8,,8,,6,,7,,8,,7,,7,
Colombia,Universidad de los Andes – Ingeniería/Ciencias,Bogotá,Computer Science (BSc),Auto-generated global baseline; edit scores/sources when you verify.,9,,9,,8,,7,,8,,8,,8,,7,,7,,6,,6,
Colombia,Universidad de los Andes – Ingeniería/Ciencias,Bogotá,Data Science (BSc),Auto-generated global baseline; edit scores/sources when you verify.,9,,7,,7,,9,,8,,8,,8,,7,,8,,7,,6,
Colombia,Universidad de los Andes – Ingeniería/Ciencias,Bogotá,Industrial Engineering – Data/Analytics (BEng),Auto-generated global baseline; edit scores/sources when you verify.,8,,7,,6,,9,,8,,8,,6,,7,,8,,7,,7,
Colombia,Universidad del Norte,Barranquilla,Computer Science (BSc),Auto-generated global baseline; edit scores/sources when you verify.,9,,9,,8,,7,,8,,8,,8,,7,,7,,6,,6,
Colombia,Universidad del Norte,Barranquilla,Data Science (BSc),Auto-generated global baseline; edit scores/sources when you verify.,9,,7,,7,,9,,8,,8,,8,,7,,8,,7,,6,
Colombia,Universidad del Norte,Barranquilla,Industrial Engineering – Data/Analytics (BEng),Auto-generated global baseline; edit scores/sources when you verify.,8,,7,,6,,9,,8,,8,,6,,7,,8,,7,,7,
Colombia,Universidad del Rosario,Bogotá,Data Science (BSc),Auto-generated global baseline; edit scores/sources when you verify.,9,,7,,7,,9,,8,,8,,8,,7,,8,,7,,6,
Colombia,Universidad del Rosario,Bogotá,Industrial Engineering – Data/Analytics (BEng),Auto-generated global baseline; edit scores/sources when you verify.,8,,7,,6,,9,,8,,8,,6,,7,,8,,7,,7,
Colombia,Universidad del Valle – Ingeniería,Cali,Computer Science (BSc),Auto-generated global baseline; edit scores/sources when you verify.,9,,9,,8,,7,,8,,8,,8,,7,,7,,6,,6,
Colombia,Universidad del Valle – Ingeniería,Cali,Data Science (BSc),Auto-generated global baseline; edit scores/sources when you verify.,9,,7,,7,,9,,8,,8,,8,,7,,8,,7,,6,
Colombia,Universidad del Valle – Ingeniería,Cali,Industrial Engineering – Data/Analytics (BEng),Auto-generated global baseline; edit scores/sources when you verify.,8,,7,,6,,9,,8,,8,,6,,7,,8,,7,,7,
United States,Arizona State University,"Tempe, AZ",Computer Science (BSc),Auto-generated global baseline; edit scores/sources when you verify.,9,,9,,8,,7,,8,,8,,8,,7,,7,,6,,6,
United States,Arizona State University,"Tempe, AZ",Data Science (BSc),Auto-generated global baseline; edit scores/sources when you verify.,9,,7,,7,,9,,8,,8,,8,,7,,8,,7,,6,
United States,Arizona State University,"Tempe, AZ",Statistics (BSc),Auto-generated global baseline; edit scores/sources when you verify.,9,,6,,5,,9,,7,,7,,6,,6,,7,,7,,6,
United States,Auburn University,"Auburn, AL",Computer Science (BSc),Auto-generated global baseline; edit scores/sources when you verify.,9,,9,,8,,7,,8,,8,,8,,7,,7,,6,,6,
United States,Auburn University,"Auburn, AL",Data Science (BSc),Auto-generated global baseline; edit scores/sources when you verify.,9,,7,,7,,9,,8,,8,,8,,7,,8,,7,,6,
United States,Auburn University,"Auburn, AL",Statistics (BSc),Auto-generated global baseline; edit scores/sources when you verify.,9,,6,,5,,9,,7,,7,,6,,6,,7,,7,,6,
United States,Boston University,"Boston, MA",Computer Science (BSc),Auto-generated global baseline; edit scores/sources when you verify.,9,,9,,8,,7,,8,,8,,8,,7,,7,,6,,6,
United States,Boston University,"Boston, MA",Data Science (BSc),Auto-generated global baseline; edit scores/sources when you verify.,9,,7,,7,,9,,8,,8,,8,,7,,8,,7,,6,
United States,Brown University,"Providence, RI",Computer Science (BSc),Auto-generated global baseline; edit scores/sources when you verify.,9,,9,,8,,7,,8,,8,,8,,7,,7,,6,,6,
United States,Brown University,"Providence, RI",Data Science (BSc),Auto-generated global baseline; edit scores/sources when you verify.,9,,7,,7,,9,,8,,8,,8,,7,,8,,7,,6,
United States,Brown University,"Providence, RI",Statistics (BSc),Auto-generated global baseline; edit scores/sources when you verify.,9,,6,,5,,9,,7,,7,,6,,6,,7,,7,,6,
United States,Caltech,"Pasadena, CA",Computer Science (BSc),Auto-generated global baseline; edit scores/sources when you verify.,9,,9,,8,,7,,8,,8,,8,,7,,7,,6,,6,
United States,Caltech,"Pasadena, CA",Data Science (BSc),Auto-generated global baseline; edit scores/sources when you verify.,9,,7,,7,,9,,8,,8,,8,,7,,8,,7,,6,
United States,Caltech,"Pasadena, CA",Statistics (BSc),Auto-generated global baseline; edit scores/sources when you verify.,9,,6,,5,,9,,7,,7,,6,,6,,7,,7,,6,
United States,Carnegie Mellon University,"Pittsburgh, PA",Computer Science (BSc),Auto-generated global baseline; edit scores/sources when you verify.,9,,9,,8,,7,,8,,8,,8,,7,,7,,6,,6,
United States,Carnegie Mellon University,"Pittsburgh, PA",Data Science (BSc),Auto-generated global baseline; edit scores/sources when you verify.,9,,7,,7,,9,,8,,8,,8,,7,,8,,7,,6,
United States,Columbia University,"New York, NY",Computer Science (BSc),Auto-generated global baseline; edit scores/sources when you verify.,9,,9,,8,,7,,8,,8,,8,,7,,7,,6,,6,
United States,Columbia University,"New York, NY",Data Science (BSc),Auto-generated global baseline; edit scores/sources when you verify.,9,,7,,7,,9,,8,,8,,8,,7,,8,,7,,6,
United States,Cornell University,"Ithaca, NY",Computer Science (BSc),Auto-generated global baseline; edit scores/sources when you verify.,9,,9,,8,,7,,8,,8,,8,,7,,7,,6,,6,
United States,Cornell University,"Ithaca, NY",Data Science (BSc),Auto-generated global baseline; edit scores/sources when you verify.,9,,7,,7,,9,,8,,8,,8,,7,,8,,7,,6,
United States,Drexel University,"Philadelphia, PA",Computer Science (BSc),Auto-generated global baseline; edit scores/sources when you verify.,9,,9,,8,,7,,8,,8,,8,,7,,7,,6,,6,
United States,Drexel University,"Philadelphia, PA",Data Science (BSc),Auto-generated global baseline; edit scores/sources when you verify.,9,,7,,7,,9,,8,,8,,8,,7,,8,,7,,6,
United States,Duke University,"Durham, NC",Computer Science (BSc),Auto-generated global baseline; edit scores/sources when you verify.,9,,9,,8,,7,,8,,8,,8,,7,,7,,6,,6,
United States,Duke University,"Durham, NC",Data Science (BSc),Auto-generated global baseline; edit scores/sources when you verify.,9,,7,,7,,9,,8,,8,,8,,7,,8,,7,,6,
United States,George Mason University,"Fairfax, VA",Computer Science (BSc),Auto-generated global baseline; edit scores/sources when you verify.,9,,9,,8,,7,,8,,8,,8,,7,,7,,6,,6,
United States,George Mason University,"Fairfax, VA",Data Science (BSc),Auto-generated global baseline; edit scores/sources when you verify.,9,,7,,7,,9,,8,,8,,8,,7,,8,,7,,6,
United States,Georgia Tech,"Atlanta, GA",Computer Science (BSc),Auto-generated global baseline; edit scores/sources when you verify.,9,,9,,8,,7,,8,,8,,8,,7,,7,,6,,6,
United States,Georgia Tech,"Atlanta, GA",Data Science (BSc),Auto-generated global baseline; edit scores/sources when you verify.,9,,7,,7,,9,,8,,8,,8,,7,,8,,7,,6,
United States,Georgia Tech,"Atlanta, GA",Statistics (BSc),Auto-generated global baseline; edit scores/sources when you verify.,9,,6,,5,,9,,7,,7,,6,,6,,7,,7,,6,
United States,Harvard University,"Cambridge, MA",Computer Science (BSc),Auto-generated global baseline; edit scores/sources when you verify.,9,,9,,8,,7,,8,,8,,8,,7,,7,,6,,6,
United States,Harvard University,"Cambridge, MA",Data Science (BSc),Auto-generated global baseline; edit scores/sources when you verify.,9,,7,,7,,9,,8,,8,,8,,7,,8,,7,,6,
United States,Harvard University,"Cambridge, MA",Statistics (BSc),Auto-generated global baseline; edit scores/sources when you verify.,9,,6,,5,,9,,7,,7,,6,,6,,7,,7,,6,
United States,Indiana University,"Bloomington, IN",Computer Science (BSc),Auto-generated global baseline; edit scores/sources when you verify.,9,,9,,8,,7,,8,,8,,8,,7,,7,,6,,6,
United States,Indiana University,"Bloomington, IN",Data Science (BSc),Auto-generated global baseline; edit scores/sources when you verify.,9,,7,,7,,9,,8,,8,,8,,7,,8,,7,,6,
United States,Iowa State University,"Ames, IA",Computer Science (BSc),Auto-generated global baseline; edit scores/sources when you verify.,9,,9,,8,,7,,8,,8,,8,,7,,7,,6,,6,
United States,Iowa State University,"Ames, IA",Data Science (BSc),Auto-generated global baseline; edit scores/sources when you verify.,9,,7,,7,,9,,8,,8,,8,,7,,8,,7,,6,
United States,Iowa State University,"Ames, IA",Statistics (BSc),Auto-generated global baseline; edit scores/sources when you verify.,9,,6,,5,,9,,7,,7,,6,,6,,7,,7,,6,
United States,Johns Hopkins University,"Baltimore, MD",Computer Science (BSc),Auto-generated global baseline; edit scores/sources when you verify.,9,,9,,8,,7,,8,,8,,8,,7,,7,,6,,6,
United States,Johns Hopkins University,"Baltimore, MD",Data Science (BSc),Auto-generated global baseline; edit scores/sources when you verify.,9,,7,,7,,9,,8,,8,,8,,7,,8,,7,,6,
United States,LSU,"Baton Rouge, LA",Computer Science (BSc),Auto-generated global baseline; edit scores/sources when you verify.,9,,9,,8,,7,,8,,8,,8,,7,,7,,6,,6,
United States,LSU,"Baton Rouge, LA",Data Science (BSc),Auto-generated global baseline; edit scores/sources when you verify.,9,,7,,7,,9,,8,,8,,8,,7,,8,,7,,6,
United States,MIT,"Cambridge, MA",Computer Science (BSc),Auto-generated global baseline; edit scores/sources when you verify.,9,,9,,8,,7,,8,,8,,8,,7,,7,,6,,6,
United States,MIT,"Cambridge, MA",Data Science (BSc),Auto-generated global baseline; edit scores/sources when you verify.,9,,7,,7,,9,,8,,8,,8,,7,,8,,7,,6,
United States,Michigan State University,"East Lansing, MI",Computer Science (BSc),Auto-generated global baseline; edit scores/sources when you verify.,9,,9,,8,,7,,8,,8,,8,,7,,7,,6,,6,
United States,Michigan State University,"East Lansing, MI",Data Science (BSc),Auto-generated global baseline; edit scores/sources when you verify.,9,,7,,7,,9,,8,,8,,8,,7,,8,,7,,6,
United States,NC State,"Raleigh, NC",Computer Science (BSc),Auto-generated global baseline; edit scores/sources when you verify.,9,,9,,8,,7,,8,,8,,8,,7,,7,,6,,6,
United States,NC State,"Raleigh, NC",Data Science (BSc),Auto-generated global baseline; edit scores/sources when you verify.,9,,7,,7,,9,,8,,8,,8,,7,,8,,7,,6,
United States,NYU,"New York, NY",Computer Science (BSc),Auto-generated global baseline; edit scores/sources when you verify.,9,,9,,8,,7,,8,,8,,8,,7,,7,,6,,6,
United States,NYU,"New York, NY",Data Science (BSc),Auto-generated global baseline; edit scores/sources when you verify.,9,,7,,7,,9,,8,,8,,8,,7,,8,,7,,6,
United States,NYU,"New York, NY",Statistics (BSc),Auto-generated global baseline; edit scores/sources when you verify.,9,,6,,5,,9,,7,,7,,6,,6,,7,,7,,6,
United States,Northeastern University,"Boston, MA",Computer Science (BSc),Auto-generated global baseline; edit scores/sources when you verify.,9,,9,,8,,7,,8,,8,,8,,7,,7,,6,,6,
United States,Northeastern University,"Boston, MA",Data Science (BSc),Auto-generated global baseline; edit scores/sources when you verify.,9,,7,,7,,9,,8,,8,,8,,7,,8,,7,,6,
United States,Northwestern University,"Evanston, IL",Computer Science (BSc),Auto-generated global baseline; edit scores/sources when you verify.,9,,9,,8,,7,,8,,8,,8,,7,,7,,6,,6,
United States,Northwestern University,"Evanston, IL",Data Science (BSc),Auto-generated global baseline; edit scores/sources when you verify.,9,,7,,7,,9,,8,,8,,8,,7,,8,,7,,6,
United States,Northwestern University,"Evanston, IL",Statistics (BSc),Auto-generated global baseline; edit scores/sources when you verify.,9,,6,,5,,9,,7,,7,,6,,6,,7,,7,,6,
United States,Notre Dame,"Notre Dame, IN",Computer Science (BSc),Auto-generated global baseline; edit scores/sources when you verify.,9,,9,,8,,7,,8,,8,,8,,7,,7,,6,,6,
United States,Notre Dame,"Notre Dame, IN",Data Science (BSc),Auto-generated global baseline; edit scores/sources when you verify.,9,,7,,7,,9,,8,,8,,8,,7,,8,,7,,6,
United States,Notre Dame,"Notre Dame, IN",Statistics (BSc),Auto-generated global baseline; edit scores/sources when you verify.,9,,6,,5,,9,,7,,7,,6,,6,,7,,7,,6,
United States,Ohio State University,"Columbus, OH",Computer Science (BSc),Auto-generated global baseline; edit scores/sources when you verify.,9,,9,,8,,7,,8,,8,,8,,7,,7,,6,,6,
United States,Ohio State University,"Columbus, OH",Data Science (BSc),Auto-generated global baseline; edit scores/sources when you verify.,9,,7,,7,,9,,8,,8,,8,,7,,8,,7,,6,
United States,Penn State University,"University Park, PA",Computer Science (BSc),Auto-generated global baseline; edit scores/sources when you verify.,9,,9,,8,,7,,8,,8,,8,,7,,7,,6,,6,
United States,Penn State University,"University Park, PA",Data Science (BSc),Auto-generated global baseline; edit scores/sources when you verify.,9,,7,,7,,9,,8,,8,,8,,7,,8,,7,,6,
United States,Princeton University,"Princeton, NJ",Computer Science (BSc),Auto-generated global baseline; edit scores/sources when you verify.,9,,9,,8,,7,,8,,8,,8,,7,,7,,6,,6,
United States,Princeton University,"Princeton, NJ",Data Science (BSc),Auto-generated global baseline; edit scores/sources when you verify.,9,,7,,7,,9,,8,,8,,8,,7,,8,,7,,6,
United States,Princeton University,"Princeton, NJ",Statistics (BSc),Auto-generated global baseline; edit scores/sources when you verify.,9,,6,,5,,9,,7,,7,,6,,6,,7,,7,,6,
United States,Purdue University,"West Lafayette, IN",Computer Science (BSc),Auto-generated global baseline; edit scores/sources when you verify.,9,,9,,8,,7,,8,,8,,8,,7,,7,,6,,6,
United States,Purdue University,"West Lafayette, IN",Data Science (BSc),Auto-generated global baseline; edit scores/sources when you verify.,9,,7,,7,,9,,8,,8,,8,,7,,8,,7,,6,
United States,RPI,"Troy, NY",Computer Science (BSc),Auto-generated global baseline; edit scores/sources when you verify.,9,,9,,8,,7,,8,,8,,8,,7,,7,,6,,6,
United States,RPI,"Troy, NY",Data Science (BSc),Auto-generated global baseline; edit scores/sources when you verify.,9,,7,,7,,9,,8,,8,,8,,7,,8,,7,,6,
United States,Rutgers University,"New Brunswick, NJ",Computer Science (BSc),Auto-generated global baseline; edit scores/sources when you verify.,9,,9,,8,,7,,8,,8,,8,,7,,7,,6,,6,
United States,Rutgers University,"New Brunswick, NJ",Data Science (BSc),Auto-generated global baseline; edit scores/sources when you verify.,9,,7,,7,,9,,8,,8,,8,,7,,8,,7,,6,
United States,Stanford University,"Stanford, CA",Computer Science (BSc),Auto-generated global baseline; edit scores/sources when you verify.,9,,9,,8,,7,,8,,8,,8,,7,,7,,6,,6,
United States,Stanford University,"Stanford, CA",Data Science (BSc),Auto-generated global baseline; edit scores/sources when you verify.,9,,7,,7,,9,,8,,8,,8,,7,,8,,7,,6,
United States,Temple University,"Philadelphia, PA",Computer Science (BSc),Auto-generated global baseline; edit scores/sources when you verify.,9,,9,,8,,7,,8,,8,,8,,7,,7,,6,,6,
United States,Temple University,"Philadelphia, PA",Data Science (BSc),Auto-generated global baseline; edit scores/sources when you verify.,9,,7,,7,,9,,8,,8,,8,,7,,8,,7,,6,
United States,Texas A&M University,"College Station, TX",Computer Science (BSc),Auto-generated global baseline; edit scores/sources when you verify.,9,,9,,8,,7,,8,,8,,8,,7,,7,,6,,6,
United States,Texas A&M University,"College Station, TX",Data Science (BSc),Auto-generated global baseline; edit scores/sources when you verify.,9,,7,,7,,9,,8,,8,,8,,7,,8,,7,,6,
United States,Texas A&M University,"College Station, TX",Statistics (BSc),Auto-generated global baseline; edit scores/sources when you verify.,9,,6,,5,,9,,7,,7,,6,,6,,7,,7,,6,
United States,U Maryland (UMD),"College Park, MD",Computer Science (BSc),Auto-generated global baseline; edit scores/sources when you verify.,9,,9,,8,,7,,8,,8,,8,,7,,7,,6,,6,
United States,U Maryland (UMD),"College Park, MD",Data Science (BSc),Auto-generated global baseline; edit scores/sources when you verify.,9,,7,,7,,9,,8,,8,,8,,7,,8,,7,,6,
United States,UC Berkeley,"Berkeley, CA",Computer Science (BSc),Auto-generated global baseline; edit scores/sources when you verify.,9,,9,,8,,7,,8,,8,,8,,7,,7,,6,,6,
United States,UC Berkeley,"Berkeley, CA",Data Science (BSc),Auto-generated global baseline; edit scores/sources when you verify.,9,,7,,7,,9,,8,,8,,8,,7,,8,,7,,6,
United States,UC Berkeley,"Berkeley, CA",Statistics (BSc),Auto-generated global baseline; edit scores/sources when you verify.,9,,6,,5,,9,,7,,7,,6,,6,,7,,7,,6,
United States,UC Davis,"Davis, CA",Computer Science (BSc),Auto-generated global baseline; edit scores/sources when you verify.,9,,9,,8,,7,,8,,8,,8,,7,,7,,6,,6,
United States,UC Davis,"Davis, CA",Data Science (BSc),Auto-generated global baseline; edit scores/sources when you verify.,9,,7,,7,,9,,8,,8,,8,,7,,8,,7,,6,
United States,UC Irvine,"Irvine, CA",Computer Science (BSc),Auto-generated global baseline; edit scores/sources when you verify.,9,,9,,8,,7,,8,,8,,8,,7,,7,,6,,6,
United States,UC Irvine,"Irvine, CA",Data Science (BSc),Auto-generated global baseline; edit scores/sources when you verify.,9,,7,,7,,9,,8,,8,,8,,7,,8,,7,,6,
United States,UC Irvine,"Irvine, CA",Statistics (BSc),Auto-generated global baseline; edit scores/sources when you verify.,9,,6,,5,,9,,7,,7,,6,,6,,7,,7,,6,
United States,UC Riverside,"Riverside, CA",Computer Science (BSc),Auto-generated global baseline; edit scores/sources when you verify.,9,,9,,8,,7,,8,,8,,8,,7,,7,,6,,6,
United States,UC Riverside,"Riverside, CA",Data Science (BSc),Auto-generated global baseline; edit scores/sources when you verify.,9,,7,,7,,9,,8,,8,,8,,7,,8,,7,,6,
United States,UC Riverside,"Riverside, CA",Statistics (BSc),Auto-generated global baseline; edit scores/sources when you verify.,9,,6,,5,,9,,7,,7,,6,,6,,7,,7,,6,
United States,UC San Diego,"La Jolla, CA",Computer Science (BSc),Auto-generated global baseline; edit scores/sources when you verify.,9,,9,,8,,7,,8,,8,,8,,7,,7,,6,,6,
United States,UC San Diego,"La Jolla, CA",Data Science (BSc),Auto-generated global baseline; edit scores/sources when you verify.,9,,7,,7,,9,,8,,8,,8,,7,,8,,7,,6,
United States,UC San Diego,"La Jolla, CA",Statistics (BSc),Auto-generated global baseline; edit scores/sources when you verify.,9,,6,,5,,9,,7,,7,,6,,6,,7,,7,,6,
United States,UC Santa Barbara,"Santa Barbara, CA",Computer Science (BSc),Auto-generated global baseline; edit scores/sources when you verify.,9,,9,,8,,7,,8,,8,,8,,7,,7,,6,,6,
United States,UC Santa Barbara,"Santa Barbara, CA",Data Science (BSc),Auto-generated global baseline; edit scores/sources when you verify.,9,,7,,7,,9,,8,,8,,8,,7,,8,,7,,6,
United States,UC Santa Cruz,"Santa Cruz, CA",Computer Science (BSc),Auto-generated global baseline; edit scores/sources when you verify.,9,,9,,8,,7,,8,,8,,8,,7,,7,,6,,6,
United States,UC Santa Cruz,"Santa Cruz, CA",Data Science (BSc),Auto-generated global baseline; edit scores/sources when you verify.,9,,7,,7,,9,,8,,8,,8,,7,,8,,7,,6,
United States,UCF,"Orlando, FL",Computer Science (BSc),Auto-generated global baseline; edit scores/sources when you verify.,9,,9,,8,,7,,8,,8,,8,,7,,7,,6,,6,
United States,UCF,"Orlando, FL",Data Science (BSc),Auto-generated global baseline; edit scores/sources when you verify.,9,,7,,7,,9,,8,,8,,8,,7,,8,,7,,6,
United States,UCLA,"Los Angeles, CA",Computer Science (BSc),Auto-generated global baseline; edit scores/sources when you verify.,9,,9,,8,,7,,8,,8,,8,,7,,7,,6,,6,
United States,UCLA,"Los Angeles, CA",Data Science (BSc),Auto-generated global baseline; edit scores/sources when you verify.,9,,7,,7,,9,,8,,8,,8,,7,,8,,7,,6,
United States,UIUC,"Urbana–Champaign, IL",Computer Science (BSc),Auto-generated global baseline; edit scores/sources when you verify.,9,,9,,8,,7,,8,,8,,8,,7,,7,,6,,6,
United States,UIUC,"Urbana–Champaign, IL",Data Science (BSc),Auto-generated global baseline; edit scores/sources when you verify.,9,,7,,7,,9,,8,,8,,8,,7,,8,,7,,6,
United States,UIUC,"Urbana–Champaign, IL",Statistics (BSc),Auto-generated global baseline; edit scores/sources when you verify.,9,,6,,5,,9,,7,,7,,6,,6,,7,,7,,6,
United States,UMass Amherst,"Amherst, MA",Computer Science (BSc),Auto-generated global baseline; edit scores/sources when you verify.,9,,9,,8,,7,,8,,8,,8,,7,,7,,6,,6,
United States,UMass Amherst,"Amherst, MA",Data Science (BSc),Auto-generated global baseline; edit scores/sources when you verify.,9,,7,,7,,9,,8,,8,,8,,7,,8,,7,,6,
United States,UNC Chapel Hill,"Chapel Hill, NC",Computer Science (BSc),Auto-generated global baseline; edit scores/sources when you verify.,9,,9,,8,,7,,8,,8,,8,,7,,7,,6,,6,
United States,UNC Chapel Hill,"Chapel Hill, NC",Data Science (BSc),Auto-generated global baseline; edit scores/sources when you verify.,9,,7,,7,,9,,8,,8,,8,,7,,8,,7,,6,
United States,UPenn,"Philadelphia, PA",Computer Science (BSc),Auto-generated global baseline; edit scores/sources when you verify.,9,,9,,8,,7,,8,,8,,8,,7,,7,,6,,6,
United States,UPenn,"Philadelphia, PA",Data Science (BSc),Auto-generated global baseline; edit scores/sources when you verify.,9,,7,,7,,9,,8,,8,,8,,7,,8,,7,,6,
United States,USC,"Los Angeles, CA",Computer Science (BSc),Auto-generated global baseline; edit scores/sources when you verify.,9,,9,,8,,7,,8,,8,,8,,7,,7,,6,,6,
United States,USC,"Los Angeles, CA",Data Science (BSc),Auto-generated global baseline; edit scores/sources when you verify.,9,,7,,7,,9,,8,,8,,8,,7,,8,,7,,6,
United States,USF,"Tampa, FL",Computer Science (BSc),Auto-generated global baseline; edit scores/sources when you verify.,9,,9,,8,,7,,8,,8,,8,,7,,7,,6,,6,
United States,USF,"Tampa, FL",Data Science (BSc),Auto-generated global baseline; edit scores/sources when you verify.,9,,7,,7,,9,,8,,8,,8,,7,,8,,7,,6,
United States,UT Austin,"Austin, TX",Computer Science (BSc),Auto-generated global baseline; edit scores/sources when you verify.,9,,9,,8,,7,,8,,8,,8,,7,,7,,6,,6,
United States,UT Austin,"Austin, TX",Data Science (BSc),Auto-generated global baseline; edit scores/sources when you verify.,9,,7,,7,,9,,8,,8,,8,,7,,8,,7,,6,
United States,UT Austin,"Austin, TX",Statistics (BSc),Auto-generated global baseline; edit scores/sources when you verify.,9,,6,,5,,9,,7,,7,,6,,6,,7,,7,,6,
United States,University of Alabama,"Tuscaloosa, AL",Computer Science (BSc),Auto-generated global baseline; edit scores/sources when you verify.,9,,9,,8,,7,,8,,8,,8,,7,,7,,6,,6,
United States,University of Alabama,"Tuscaloosa, AL",Data Science (BSc),Auto-generated global baseline; edit scores/sources when you verify.,9,,7,,7,,9,,8,,8,,8,,7,,8,,7,,6,
United States,University of Chicago,"Chicago, IL",Computer Science (BSc),Auto-generated global baseline; edit scores/sources when you verify.,9,,9,,8,,7,,8,,8,,8,,7,,7,,6,,6,
United States,University of Chicago,"Chicago, IL",Data Science (BSc),Auto-generated global baseline; edit scores/sources when you verify.,9,,7,,7,,9,,8,,8,,8,,7,,8,,7,,6,
United States,University of Chicago,"Chicago, IL",Statistics (BSc),Auto-generated global baseline; edit scores/sources when you verify.,9,,6,,5,,9,,7,,7,,6,,6,,7,,7,,6,
United States,University of Colorado Boulder,"Boulder, CO",Computer Science (BSc),Auto-generated global baseline; edit scores/sources when you verify.,9,,9,,8,,7,,8,,8,,8,,7,,7,,6,,6,
United States,University of Colorado Boulder,"Boulder, CO",Data Science (BSc),Auto-generated global baseline; edit scores/sources when you verify.,9,,7,,7,,9,,8,,8,,8,,7,,8,,7,,6,
United States,University of Colorado Boulder,"Boulder, CO",Statistics (BSc),Auto-generated global baseline; edit scores/sources when you verify.,9,,6,,5,,9,,7,,7,,6,,6,,7,,7,,6,
United States,University of Florida,"Gainesville, FL",Computer Science (BSc),Auto-generated global baseline; edit scores/sources when you verify.,9,,9,,8,,7,,8,,8,,8,,7,,7,,6,,6,
United States,University of Florida,"Gainesville, FL",Data Science (BSc),Auto-generated global baseline; edit scores/sources when you verify.,9,,7,,7,,9,,8,,8,,8,,7,,8,,7,,6,
United States,University of Georgia,"Athens, GA",Computer Science (BSc),Auto-generated global baseline; edit scores/sources when you verify.,9,,9,,8,,7,,8,,8,,8,,7,,7,,6,,6,
United States,University of Georgia,"Athens, GA",Data Science (BSc),Auto-generated global baseline; edit scores/sources when you verify.,9,,7,,7,,9,,8,,8,,8,,7,,8,,7,,6,
United States,University of Michigan,"Ann Arbor, MI",Computer Science (BSc),Auto-generated global baseline; edit scores/sources when you verify.,9,,9,,8,,7,,8,,8,,8,,7,,7,,6,,6,
United States,University of Michigan,"Ann Arbor, MI",Data Science (BSc),Auto-generated global baseline; edit scores/sources when you verify.,9,,7,,7,,9,,8,,8,,8,,7,,8,,7,,6,
United States,University of Minnesota,"Minneapolis, MN",Computer Science (BSc),Auto-generated global baseline; edit scores/sources when you verify.,9,,9,,8,,7,,8,,8,,8,,7,,7,,6,,6,
United States,University of Minnesota,"Minneapolis, MN",Data Science (BSc),Auto-generated global baseline; edit scores/sources when you verify.,9,,7,,7,,9,,8,,8,,8,,7,,8,,7,,6,
United States,University of Rochester,"Rochester, NY",Computer Science (BSc),Auto-generated global baseline; edit scores/sources when you verify.,9,,9,,8,,7,,8,,8,,8,,7,,7,,6,,6,
United States,University of Rochester,"Rochester, NY",Data Science (BSc),Auto-generated global baseline; edit scores/sources when you verify.,9,,7,,7,,9,,8,,8,,8,,7,,8,,7,,6,
United States,University of Rochester,"Rochester, NY",Statistics (BSc),Auto-generated global baseline; edit scores/sources when you verify.,9,,6,,5,,9,,7,,7,,6,,6,,7,,7,,6,
United States,University of Washington,"Seattle, WA",Computer Science (BSc),Auto-generated global baseline; edit scores/sources when you verify.,9,,9,,8,,7,,8,,8,,8,,7,,7,,6,,6,
United States,University of Washington,"Seattle, WA",Data Science (BSc),Auto-generated global baseline; edit scores/sources when you verify.,9,,7,,7,,9,,8,,8,,8,,7,,8,,7,,6,
United States,University of Washington,"Seattle, WA",Statistics (BSc),Auto-generated global baseline; edit scores/sources when you verify.,9,,6,,5,,9,,7,,7,,6,,6,,7,,7,,6,
United States,Vanderbilt University,"Nashville, TN",Computer Science (BSc),Auto-generated global baseline; edit scores/sources when you verify.,9,,9,,8,,7,,8,,8,,8,,7,,7,,6,,6,
United States,Vanderbilt University,"Nashville, TN",Data Science (BSc),Auto-generated global baseline; edit scores/sources when you verify.,9,,7,,7,,9,,8,,8,,8,,7,,8,,7,,6,
United States,Vanderbilt University,"Nashville, TN",Statistics (BSc),Auto-generated global baseline; edit scores/sources when you verify.,9,,6,,5,,9,,7,,7,,6,,6,,7,,7,,6,
United States,Virginia Tech,"Blacksburg, VA",Computer Science (BSc),Auto-generated global baseline; edit scores/sources when you verify.,9,,9,,8,,7,,8,,8,,8,,7,,7,,6,,6,
United States,Virginia Tech,"Blacksburg, VA",Data Science (BSc),Auto-generated global baseline; edit scores/sources when you verify.,9,,7,,7,,9,,8,,8,,8,,7,,8,,7,,6,
United States,WPI,"Worcester, MA",Computer Science (BSc),Auto-generated global baseline; edit scores/sources when you verify.,9,,9,,8,,7,,8,,8,,8,,7,,7,,6,,6,
United States,WPI,"Worcester, MA",Data Science (BSc),Auto-generated global baseline; edit scores/sources when you verify.,9,,7,,7,,9,,8,,8,,8,,7,,8,,7,,6,
United States,William & Mary,"Williamsburg, VA",Computer Science (BSc),Auto-generated global baseline; edit scores/sources when you verify.,9,,9,,8,,7,,8,,8,,8,,7,,7,,6,,6,
United States,William & Mary,"Williamsburg, VA",Data Science (BSc),Auto-generated global baseline; edit scores/sources when you verify.,9,,7,,7,,9,,8,,8,,8,,7,,8,,7,,6,
United States,William & Mary,"Williamsburg, VA",Statistics (BSc),Auto-generated global baseline; edit scores/sources when you verify.,9,,6,,5,,9,,7,,7,,6,,6,,7,,7,,6,
United States,Yale University,"New Haven, CT",Computer Science (BSc),Auto-generated global baseline; edit scores/sources when you verify.,9,,9,,8,,7,,8,,8,,8,,7,,7,,6,,6,
United States,Yale University,"New Haven, CT",Data Science (BSc),Auto-generated global baseline; edit scores/sources when you verify.,9,,7,,7,,9,,8,,8,,8,,7,,8,,7,,6,
Others,EPN – Escuela Politécnica Nacional,"Quito, EC",Computer Science (BSc),Auto-generated global baseline; edit scores/sources when you verify.,9,,9,,8,,7,,8,,8,,8,,7,,7,,6,,6,
Others,EPN – Escuela Politécnica Nacional,"Quito, EC",Data Science (BSc),Auto-generated global baseline; edit scores/sources when you verify.,9,,7,,7,,9,,8,,8,,8,,7,,8,,7,,6,
Others,EPN – Escuela Politécnica Nacional,"Quito, EC",Industrial Engineering – Data/Analytics (BEng),Auto-generated global baseline; edit scores/sources when you verify.,8,,7,,6,,9,,8,,8,,6,,7,,8,,7,,7,
Others,INTEC – Instituto Tecnológico de Santo Domingo,"Santo Domingo, DO",Computer Science (BSc),Auto-generated global baseline; edit scores/sources when you verify.,9,,9,,8,,7,,8,,8,,8,,7,,7,,6,,6,
Others,INTEC – Instituto Tecnológico de Santo Domingo,"Santo Domingo, DO",Data Science (BSc),Auto-generated global baseline; edit scores/sources when you verify.,9,,7,,7,,9,,8,,8,,8,,7,,8,,7,,6,
Others,INTEC – Instituto Tecnológico de Santo Domingo,"Santo Domingo, DO",Industrial Engineering – Data/Analytics (BEng),Auto-generated global baseline; edit scores/sources when you verify.,8,,7,,6,,9,,8,,8,,6,,7,,8,,7,,7,
Others,ITBA – Inst. Tecnológico de Buenos Aires,"Buenos Aires, AR",Computer Science (BSc),Auto-generated global baseline; edit scores/sources when you verify.,9,,9,,8,,7,,8,,8,,8,,7,,7,,6,,6,
Others,ITBA – Inst. Tecnológico de Buenos Aires,"Buenos Aires, AR",Data Science (BSc),Auto-generated global baseline; edit scores/sources when you verify.,9,,7,,7,,9,,8,,8,,8,,7,,8,,7,,6,
Others,ORT Uruguay,"Montevideo, UY",Computer Science (BSc),Auto-generated global baseline; edit scores/sources when you verify.,9,,9,,8,,7,,8,,8,,8,,7,,7,,6,,6,
Others,ORT Uruguay,"Montevideo, UY",Data Science (BSc),Auto-generated global baseline; edit scores/sources when you verify.,9,,7,,7,,9,,8,,8,,8,,7,,8,,7,,6,
Others,PUC Chile,"Santiago, CL",Computer Science (BSc),Auto-generated global baseline; edit scores/sources when you verify.,9,,9,,8,,7,,8,,8,,8,,7,,7,,6,,6,
Others,PUC Chile,"Santiago, CL",Data Science (BSc),Auto-generated global baseline; edit scores/sources when you verify.,9,,7,,7,,9,,8,,8,,8,,7,,8,,7,,6,
Others,PUCP – Pontificia Univ. Católica del Perú,"Lima, PE",Computer Science (BSc),Auto-generated global baseline; edit scores/sources when you verify.,9,,9,,8,,7,,8,,8,,8,,7,,7,,6,,6,
Others,PUCP – Pontificia Univ. Católica del Perú,"Lima, PE",Data Science (BSc),Auto-generated global baseline; edit scores/sources when you verify.,9,,7,,7,,9,,8,,8,,8,,7,,8,,7,,6,
Others,UCR – Universidad de Costa Rica,"San José, CR",Computer Science (BSc),Auto-generated global baseline; edit scores/sources when you verify.,9,,9,,8,,7,,8,,8,,8,,7,,7,,6,,6,
Others,UCR – Universidad de Costa Rica,"San José, CR",Data Science (BSc),Auto-generated global baseline; edit scores/sources when you verify.,9,,7,,7,,9,,8,,8,,8,,7,,8,,7,,6,
Others,UCR – Universidad de Costa Rica,"San José, CR",Industrial Engineering – Data/Analytics (BEng),Auto-generated global baseline; edit scores/sources when you verify.,8,,7,,6,,9,,8,,8,,6,,7,,8,,7,,7,
Others,UES – Universidad de El Salvador,"San Salvador, SV",Computer Science (BSc),Auto-generated global baseline; edit scores/sources when you verify.,9,,9,,8,,7,,8,,8,,8,,7,,7,,6,,6,
Others,UES – Universidad de El Salvador,"San Salvador, SV",Data Science (BSc),Auto-generated global baseline; edit scores/sources when you verify.,9,,7,,7,,9,,8,,8,,8,,7,,8,,7,,6,
Others,UMSA – Mayor de San Andrés,"La Paz, BO",Computer Science (BSc),Auto-generated global baseline; edit scores/sources when you verify.,9,,9,,8,,7,,8,,8,,8,,7,,7,,6,,6,
Others,UMSA – Mayor de San Andrés,"La Paz, BO",Data Science (BSc),Auto-generated global baseline; edit scores/sources when you verify.,9,,7,,7,,9,,8,,8,,8,,7,,8,,7,,6,
Others,UMSA – Mayor de San Andrés,"La Paz, BO",Industrial Engineering – Data/Analytics (BEng),Auto-generated global baseline; edit scores/sources when you verify.,8,,7,,6,,9,,8,,8,,6,,7,,8,,7,,7,
Others,UNA – Universidad Nacional de Asunción,"Asunción, PY",Computer Science (BSc),Auto-generated global baseline; edit scores/sources when you verify.,9,,9,,8,,7,,8,,8,,8,,7,,7,,6,,6,
Others,UNA – Universidad Nacional de Asunción,"Asunción, PY",Data Science (BSc),Auto-generated global baseline; edit scores/sources when you verify.,9,,7,,7,,9,,8,,8,,8,,7,,8,,7,,6,
Others,UNA – Universidad Nacional de Asunción,"Asunción, PY",Industrial Engineering – Data/Analytics (BEng),Auto-generated global baseline; edit scores/sources when you verify.,8,,7,,6,,9,,8,,8,,6,,7,,8,,7,,7,
Others,UNAH – Univ. Nacional Autónoma de Honduras,"Tegucigalpa, HN",Computer Science (BSc),Auto-generated global baseline; edit scores/sources when you verify.,9,,9,,8,,7,,8,,8,,8,,7,,7,,6,,6,
Others,UNAH – Univ. Nacional Autónoma de Honduras,"Tegucigalpa, HN",Data Science (BSc),Auto-generated global baseline; edit scores/sources when you verify.,9,,7,,7,,9,,8,,8,,8,,7,,8,,7,,6,
Others,UNC – Universidad Nacional de Córdoba,"Córdoba, AR",Computer Science (BSc),Auto-generated global baseline; edit scores/sources when you verify.,9,,9,,8,,7,,8,,8,,8,,7,,7,,6,,6,
Others,UNC – Universidad Nacional de Córdoba,"Córdoba, AR",Data Science (BSc),Auto-generated global baseline; edit scores/sources when you verify.,9,,7,,7,,9,,8,,8,,8,,7,,8,,7,,6,
Others,UNC – Universidad Nacional de Córdoba,"Córdoba, AR",Industrial Engineering – Data/Analytics (BEng),Auto-generated global baseline; edit scores/sources when you verify.,8,,7,,6,,9,,8,,8,,6,,7,,8,,7,,7,
Others,UNI – Universidad Nacional de Ingeniería (Nicaragua),"Managua, NI",Computer Science (BSc),Auto-generated global baseline; edit scores/sources when you verify.,9,,9,,8,,7,,8,,8,,8,,7,,7,,6,,6,
Others,UNI – Universidad Nacional de Ingeniería (Nicaragua),"Managua, NI",Data Science (BSc),Auto-generated global baseline; edit scores/sources when you verify.,9,,7,,7,,9,,8,,8,,8,,7,,8,,7,,6,
Others,UNI – Universidad Nacional de Ingeniería (Peru),"Lima, PE",Computer Science (BSc),Auto-generated global baseline; edit scores/sources when you verify.,9,,9,,8,,7,,8,,8,,8,,7,,7,,6,,6,
Others,UNI – Universidad Nacional de Ingeniería (Peru),"Lima, PE",Data Science (BSc),Auto-generated global baseline; edit scores/sources when you verify.,9,,7,,7,,9,,8,,8,,8,,7,,8,,7,,6,
Others,UNI – Universidad Nacional de Ingeniería (Peru),"Lima, PE",Industrial Engineering – Data/Analytics (BEng),Auto-generated global baseline; edit scores/sources when you verify.,8,,7,,6,,9,,8,,8,,6,,7,,8,,7,,7,
Others,UNLP – Universidad Nacional de La Plata,"La Plata, AR",Computer Science (BSc),Auto-generated global baseline; edit scores/sources when you verify.,9,,9,,8,,7,,8,,8,,8,,7,,7,,6,,6,
Others,UNLP – Universidad Nacional de La Plata,"La Plata, AR",Data Science (BSc),Auto-generated global baseline; edit scores/sources when you verify.,9,,7,,7,,9,,8,,8,,8,,7,,8,,7,,6,
Others,USACH – Univ. de Santiago,"Santiago, CL",Computer Science (BSc),Auto-generated global baseline; edit scores/sources when you verify.,9,,9,,8,,7,,8,,8,,8,,7,,7,,6,,6,
Others,USACH – Univ. de Santiago,"Santiago, CL",Data Science (BSc),Auto-generated global baseline; edit scores/sources when you verify.,9,,7,,7,,9,,8,,8,,8,,7,,8,,7,,6,
Others,USACH – Univ. de Santiago,"Santiago, CL",Industrial Engineering – Data/Analytics (BEng),Auto-generated global baseline; edit scores/sources when you verify.,8,,7,,6,,9,,8,,8,,6,,7,,8,,7,,7,
Others,USFQ – Universidad San Francisco de Quito,"Quito, EC",Computer Science (BSc),Auto-generated global baseline; edit scores/sources when you verify.,9,,9,,8,,7,,8,,8,,8,,7,,7,,6,,6,
Others,USFQ – Universidad San Francisco de Quito,"Quito, EC",Data Science (BSc),Auto-generated global baseline; edit scores/sources when you verify.,9,,7,,7,,9,,8,,8,,8,,7,,8,,7,,6,
Others,UTEC – Universidad de Ingeniería y Tecnología,"Lima, PE",Computer Science (BSc),Auto-generated global baseline; edit scores/sources when you verify.,9,,9,,8,,7,,8,,8,,8,,7,,7,,6,,6,
Others,UTEC – Universidad de Ingeniería y Tecnología,"Lima, PE",Data Science (BSc),Auto-generated global baseline; edit scores/sources when you verify.,9,,7,,7,,9,,8,,8,,8,,7,,8,,7,,6,
Others,UTFSM – Federico Santa María,"Valparaíso, CL",Computer Science (BSc),Auto-generated global baseline; edit scores/sources when you verify.,9,,9,,8,,7,,8,,8,,8,,7,,7,,6,,6,
Others,UTFSM – Federico Santa María,"Valparaíso, CL",Data Science (BSc),Auto-generated global baseline; edit scores/sources when you verify.,9,,7,,7,,9,,8,,8,,8,,7,,8,,7,,6,
Others,UTP – Universidad Tecnológica de Panamá,"Panamá, PA",Computer Science (BSc),Auto-generated global baseline; edit scores/sources when you verify.,9,,9,,8,,7,,8,,8,,8,,7,,7,,6,,6,
Others,UTP – Universidad Tecnológica de Panamá,"Panamá, PA",Data Science (BSc),Auto-generated global baseline; edit scores/sources when you verify.,9,,7,,7,,9,,8,,8,,8,,7,,8,,7,,6,
Others,UVG – Universidad del Valle de Guatemala,"Guatemala City, GT",Computer Science (BSc),Auto-generated global baseline; edit scores/sources when you verify.,9,,9,,8,,7,,8,,8,,8,,7,,7,,6,,6,
Others,UVG – Universidad del Valle de Guatemala,"Guatemala City, GT",Data Science (BSc),Auto-generated global baseline; edit scores/sources when you verify.,9,,7,,7,,9,,8,,8,,8,,7,,8,,7,,6,
Others,Udelar – Universidad de la República,"Montevideo, UY",Computer Science (BSc),Auto-generated global baseline; edit scores/sources when you verify.,9,,9,,8,,7,,8,,8,,8,,7,,7,,6,,6,
Others,Udelar – Universidad de la República,"Montevideo, UY",Data Science (BSc),Auto-generated global baseline; edit scores/sources when you verify.,9,,7,,7,,9,,8,,8,,8,,7,,8,,7,,6,
Others,Udelar – Universidad de la República,"Montevideo, UY",Industrial Engineering – Data/Analytics (BEng),Auto-generated global baseline; edit scores/sources when you verify.,8,,7,,6,,9,,8,,8,,6,,7,,8,,7,,7,
Others,Universidad de Buenos Aires (UBA),"Buenos Aires, AR",Computer Science (BSc),Auto-generated global baseline; edit scores/sources when you verify.,9,,9,,8,,7,,8,,8,,8,,7,,7,,6,,6,
Others,Universidad de Buenos Aires (UBA),"Buenos Aires, AR",Data Science (BSc),Auto-generated global baseline; edit scores/sources when you verify.,9,,7,,7,,9,,8,,8,,8,,7,,8,,7,,6,
Others,Universidad de Chile,"Santiago, CL",Computer Science (BSc),Auto-generated global baseline; edit scores/sources when you verify.,9,,9,,8,,7,,8,,8,,8,,7,,7,,6,,6,
Others,Universidad de Chile,"Santiago, CL",Data Science (BSc),Auto-generated global baseline; edit scores/sources when you verify.,9,,7,,7,,9,,8,,8,,8,,7,,8,,7,,6,
Others,Universidad de Chile,"Santiago, CL",Industrial Engineering – Data/Analytics (BEng),Auto-generated global baseline; edit scores/sources when you verify.,8,,7,,6,,9,,8,,8,,6,,7,,8,,7,,7,
